同盟	君主	領地名	X	Y	人口	本拠
ここいーすか？	300	新規城-511,-364	-511	-364	756	1
ここいーすか？	300	新領地-508,-361	-508	-361		
ここいーすか？	300	新領地-488,-351	-488	-351		
ここいーすか？	300	新領地-487,-352	-487	-352		
ここいーすか？	300	新領地-486,-352	-486	-352		
ここいーすか？	300	新領地-488,-352	-488	-352		
ここいーすか？	300	新領地-488,-350	-488	-350		
ここいーすか？	300	新領地-486,-350	-486	-350		
ここいーすか？	300	新領地-519,-357	-519	-357		
ここいーすか？	300	新領地-516,-352	-516	-352		
ここいーすか？	300	新領地-486,-351	-486	-351		
ここいーすか？	300	新領地-487,-350	-487	-350		
ここいーすか？	300	新領地-574,-624	-574	-624		
ここいーすか？	300	新領地-544,-588	-544	-588		
ここいーすか？	300	新領地-510,-364	-510	-364		
ここいーすか？	300	新領地-631,-655	-631	-655		
ここいーすか？	300	新領地-628,-659	-628	-659		
ここいーすか？	300	新領地-632,-651	-632	-651		
ここいーすか？	300	新領地-629,-658	-629	-658		
ここいーすか？	300	新領地-637,-657	-637	-657		
ここいーすか？	300	新領地-638,-657	-638	-657		
ここいーすか？	300	新領地-639,-658	-639	-658		
ここいーすか？	300	新領地-640,-657	-640	-657		
ここいーすか？	300	新領地-641,-657	-641	-657		
ここいーすか？	300	新領地-642,-657	-642	-657		
ここいーすか？	300	新領地-643,-658	-643	-658		
ここいーすか？	300	新領地-644,-658	-644	-658		
ここいーすか？	300	新領地-645,-658	-645	-658		
ここいーすか？	300	新領地-646,-659	-646	-659		
ここいーすか？	300	新領地-647,-660	-647	-660		
ここいーすか？	300	新領地-648,-661	-648	-661		
ここいーすか？	300	新領地-636,-657	-636	-657		
ここいーすか？	ノッヂ	わざわざ来なくてもｗ	-626	-125	1031	1
ここいーすか？	ノッヂ	新規砦-613,-135	-613	-135	2	
ここいーすか？	ノッヂ	新領地-614,-137	-614	-137		
ここいーすか？	ノッヂ	新領地-614,-135	-614	-135		
ここいーすか？	ノッヂ	新領地-612,-136	-612	-136		
ここいーすか？	ノッヂ	新領地-620,-128	-620	-128		
ここいーすか？	ノッヂ	新領地-423,-558	-423	-558		
ここいーすか？	ノッヂ	新領地-618,-122	-618	-122		
ここいーすか？	ノッヂ	新領地-540,-584	-540	-584		
ここいーすか？	ノッヂ	新領地-616,-665	-616	-665		
ここいーすか？	ノッヂ	新領地-570,-616	-570	-616		
ここいーすか？	ewok	冬眠-104,-608	-104	-608	624	1
ここいーすか？	ewok	新規砦-439,-558	-439	-558	135	
ここいーすか？	ewok	新領地-103,-607	-103	-607		
ここいーすか？	ewok	新領地-102,-606	-102	-606		
ここいーすか？	ewok	新領地-105,-610	-105	-610		
ここいーすか？	ewok	新領地-105,-606	-105	-606		
ここいーすか？	ewok	新領地-105,-608	-105	-608		
ここいーすか？	ewok	新領地-104,-611	-104	-611		
ここいーすか？	ewok	新領地-101,-606	-101	-606		
ここいーすか？	ewok	新領地-100,-621	-100	-621		
ここいーすか？	ewok	新領地-99,-606	-99	-606		
ここいーすか？	ewok	新領地-528,-577	-528	-577		
ここいーすか？	ewok	新領地-528,-575	-528	-575		
ここいーすか？	ewok	新領地-530,-575	-530	-575		
ここいーすか？	ewok	新領地-520,-584	-520	-584		
ここいーすか？	ewok	新領地-103,-610	-103	-610		
ここいーすか？	ewok	新領地-529,-575	-529	-575		
ここいーすか？	ewok	新領地-534,-569	-534	-569		
ここいーすか？	ewok	新領地-534,-570	-534	-570		
ここいーすか？	ewok	新領地-102,-612	-102	-612		
ここいーすか？	ewok	新領地-535,-573	-535	-573		
ここいーすか？	ewok	新領地-538,-575	-538	-575		
ここいーすか？	ewok	新領地-101,-613	-101	-613		
ここいーすか？	ewok	新領地-591,-653	-591	-653		
ここいーすか？	ewok	新領地-502,-240	-502	-240		
ここいーすか？	超北斗	わんわん(*´∀｀*)	-586	-265	576	1
ここいーすか？	超北斗	新領地-585,-267	-585	-267		
ここいーすか？	超北斗	新領地-427,-560	-427	-560		
ここいーすか？	超北斗	新領地-546,-596	-546	-596		
ここいーすか？	超北斗	新領地-535,-611	-535	-611		
ここいーすか？	超北斗	新領地-532,-607	-532	-607		
ここいーすか？	超北斗	新領地-537,-614	-537	-614		
ここいーすか？	超北斗	新領地-538,-615	-538	-615		
ここいーすか？	超北斗	新領地-538,-616	-538	-616		
ここいーすか？	超北斗	新領地-537,-617	-537	-617		
ここいーすか？	超北斗	新領地-536,-618	-536	-618		
ここいーすか？	超北斗	新領地-535,-610	-535	-610		
ここいーすか？	ボス＠（´ρ｀）	桃色e&帝国（跡地）	-576	-298	1078	1
ここいーすか？	ボス＠（´ρ｀）	新規村-505,-585	-505	-585	200	
ここいーすか？	ボス＠（´ρ｀）	新領地-506,-584	-506	-584		
ここいーすか？	ボス＠（´ρ｀）	新領地-508,-586	-508	-586		
ここいーすか？	ボス＠（´ρ｀）	新領地-504,-589	-504	-589		
ここいーすか？	ボス＠（´ρ｀）	新領地-505,-584	-505	-584		
ここいーすか？	(^-^)あべっち	イゼルローン要塞	-637	-85	285	1
ここいーすか？	(^-^)あべっち	新規村-568,-608	-568	-608	2	
ここいーすか？	(^-^)あべっち	新領地-637,-84	-637	-84		
ここいーすか？	(^-^)あべっち	新領地-638,-85	-638	-85		
ここいーすか？	(^-^)あべっち	新領地-636,-83	-636	-83		
ここいーすか？	(^-^)あべっち	新領地-637,-82	-637	-82		
ここいーすか？	(^-^)あべっち	新領地-637,-86	-637	-86		
ここいーすか？	(^-^)あべっち	新領地-639,-83	-639	-83		
ここいーすか？	(^-^)あべっち	新領地-638,-86	-638	-86		
ここいーすか？	(^-^)あべっち	新領地-641,-82	-641	-82		
ここいーすか？	(^-^)あべっち	新領地-633,-94	-633	-94		
ここいーすか？	(^-^)あべっち	新領地-636,-85	-636	-85		
ここいーすか？	(^-^)あべっち	新領地-571,-607	-571	-607		
ここいーすか？	(^-^)あべっち	新領地-637,-83	-637	-83		
ここいーすか？	(^-^)あべっち	新領地-637,-87	-637	-87		
ここいーすか？	(^-^)あべっち	新領地-572,-609	-572	-609		
ここいーすか？	(^-^)あべっち	新領地-570,-606	-570	-606		
ここいーすか？	(^-^)あべっち	新領地-567,-609	-567	-609		
ここいーすか？	(^-^)あべっち	新領地-566,-610	-566	-610		
ここいーすか？	(^-^)あべっち	新領地-566,-608	-566	-608		
ここいーすか？	(^-^)あべっち	新領地-570,-605	-570	-605		
ここいーすか？	タンドレス	パン城-347,-540	-347	-540	430	1
ここいーすか？	タンドレス	新規砦-573,-653	-573	-653	2	
ここいーすか？	タンドレス	新領地-345,-539	-345	-539		
ここいーすか？	タンドレス	新領地-344,-538	-344	-538		
ここいーすか？	タンドレス	新領地-415,-550	-415	-550		
ここいーすか？	タンドレス	新領地-506,-329	-506	-329		
ここいーすか？	タンドレス	新領地-506,-330	-506	-330		
ここいーすか？	タンドレス	新領地-568,-631	-568	-631		
ここいーすか？	タンドレス	新領地-571,-636	-571	-636		
ここいーすか？	タンドレス	新領地-573,-630	-573	-630		
ここいーすか？	タンドレス	新領地-572,-638	-572	-638		
ここいーすか？	タンドレス	新領地-573,-639	-573	-639		
ここいーすか？	タンドレス	新領地-574,-640	-574	-640		
ここいーすか？	タンドレス	新領地-572,-637	-572	-637		
ここいーすか？	ラスタ	トレンチタウン	-571	-283	341	1
ここいーすか？	ラスタ	新規砦-512,-598	-512	-598	2	
ここいーすか？	ラスタ	新領地-552,-288	-552	-288		
ここいーすか？	ラスタ	新領地-551,-289	-551	-289		
ここいーすか？	ラスタ	新領地-550,-288	-550	-288		
ここいーすか？	ラスタ	新領地-552,-289	-552	-289		
ここいーすか？	ラスタ	新領地-550,-289	-550	-289		
ここいーすか？	ラスタ	新領地-573,-281	-573	-281		
ここいーすか？	ラスタ	新領地-571,-281	-571	-281		
ここいーすか？	ラスタ	新領地-464,-568	-464	-568		
ここいーすか？	ラスタ	新領地-496,-572	-496	-572		
ここいーすか？	ラスタ	新領地-421,-558	-421	-558		
ここいーすか？	ラスタ	新領地-420,-558	-420	-558		
ここいーすか？	ラスタ	新領地-570,-280	-570	-280		
ここいーすか？	ラスタ	新領地-569,-279	-569	-279		
ここいーすか？	ラスタ	新領地-568,-279	-568	-279		
ここいーすか？	ラスタ	新領地-511,-598	-511	-598		
ここいーすか？	ラスタ	新領地-562,-604	-562	-604		
ここいーすか？	ラスタ	新領地-513,-598	-513	-598		
ここいーすか？	ラスタ	新領地-511,-597	-511	-597		
ここいーすか？	ラスタ	新領地-513,-597	-513	-597		
ここいーすか？	ラスタ	新領地-510,-593	-510	-593		
ここいーすか？	ラスタ	新領地-514,-599	-514	-599		
ここいーすか？	ラスタ	新領地-517,-605	-517	-605		
ここいーすか？	ラスタ	新領地-519,-607	-519	-607		
ここいーすか？	ラスタ	新領地-518,-608	-518	-608		
ここいーすか？	ラスタ	新領地-517,-609	-517	-609		
ここいーすか？	ラスタ	新領地-516,-610	-516	-610		
ここいーすか？	ラスタ	新領地-515,-611	-515	-611		
ここいーすか？	ラスタ	新領地-514,-612	-514	-612		
ここいーすか？	ラスタ	新領地-513,-613	-513	-613		
ここいーすか？	しんも	しんもの城	-74	-618	477	1
ここいーすか？	しんも	新規村-65,-618	-65	-618	224	
ここいーすか？	しんも	新領地-73,-618	-73	-618		
ここいーすか？	しんも	新領地-75,-617	-75	-617		
ここいーすか？	しんも	新領地-76,-617	-76	-617		
ここいーすか？	しんも	新領地-76,-616	-76	-616		
ここいーすか？	しんも	新領地-76,-615	-76	-615		
ここいーすか？	しんも	新領地-72,-616	-72	-616		
ここいーすか？	しんも	新領地-68,-616	-68	-616		
ここいーすか？	しんも	新領地-72,-615	-72	-615		
ここいーすか？	しんも	新領地-74,-616	-74	-616		
ここいーすか？	しんも	新領地-67,-615	-67	-615		
ここいーすか？	しんも	新領地-64,-618	-64	-618		
ここいーすか？	しんも	新領地-74,-621	-74	-621		
ここいーすか？	しんも	新領地-73,-622	-73	-622		
ここいーすか？	しんも	新領地-74,-623	-74	-623		
ここいーすか？	しんも	新領地-75,-624	-75	-624		
ここいーすか？	しんも	新領地-64,-622	-64	-622		
ここいーすか？	しんも	新領地-76,-625	-76	-625		
ここいーすか？	しんも	新領地-63,-623	-63	-623		
ここいーすか？	しんも	新領地-60,-616	-60	-616		
ここいーすか？	しんも	新領地-59,-616	-59	-616		
ここいーすか？	しんも	新領地-60,-615	-60	-615		
ここいーすか？	しんも	新領地-73,-615	-73	-615		
ここいーすか？	しんも	新領地-61,-614	-61	-614		
ここいーすか？	しんも	新領地-74,-614	-74	-614		
ここいーすか？	しんも	新領地-58,-615	-58	-615		
ここいーすか？	しんも	新領地-57,-614	-57	-614		
ここいーすか？	ぶる	人にやさしく	-405	-498	860	1
ここいーすか？	ぶる	破棄禁-528,-576	-528	-576		
ここいーすか？	ぶる	破棄禁-529,-577	-529	-577		
ここいーすか？	ぶる	☆９木-487,-568	-487	-568		
ここいーすか？	ぶる	新領地-576,-624	-576	-624		
ここいーすか？	ぶる	８資源-570,-618	-570	-618		
ここいーすか？	ぶる	新領地-439,-494	-439	-494		
ここいーすか？	ぶる	☆８糧-19,-560	-19	-560		
ここいーすか？	ぶる	新領地-29,-558	-29	-558		
ここいーすか？	ぶる	新領地-16,-566	-16	-566		
ここいーすか？	ぶる	☆９石-33,-558	-33	-558		
ここいーすか？	ぶる	☆８糧-35,-558	-35	-558		
ここいーすか？	ぶる	新領地-36,-558	-36	-558		
ここいーすか？	ぶる	新領地-37,-558	-37	-558		
ここいーすか？	ぶる	新領地-38,-558	-38	-558		
ここいーすか？	ぶる	新領地-39,-558	-39	-558		
ここいーすか？	ぶる	新領地-40,-559	-40	-559		
ここいーすか？	ぶる	新領地-41,-558	-41	-558		
ここいーすか？	ぶる	新領地-42,-558	-42	-558		
ここいーすか？	ぶる	新領地-43,-558	-43	-558		
ここいーすか？	ぶる	新領地-44,-559	-44	-559		
ここいーすか？	ぶる	新領地-45,-558	-45	-558		
ここいーすか？	ぶる	新領地-46,-557	-46	-557		
ここいーすか？	ぶる	新領地-46,-556	-46	-556		
ここいーすか？	ぶる	新領地-47,-555	-47	-555		
ここいーすか？	ぶる	新領地-48,-554	-48	-554		
ここいーすか？	ぶる	新領地-48,-553	-48	-553		
ここいーすか？	ぶる	新領地-33,-557	-33	-557		
ここいーすか？	フロ２	新城-396,-505	-396	-505	569	1
ここいーすか？	フロ２	新領地-391,-484	-391	-484		
ここいーすか？	フロ２	新領地-396,-504	-396	-504		
ここいーすか？	フロ２	新領地-543,-591	-543	-591		
ここいーすか？	フロ２	新領地-577,-607	-577	-607		
ここいーすか？	フロ２	新領地-592,-652	-592	-652		
ここいーすか？	フロ２	新領地-599,-656	-599	-656		
ここいーすか？	フロ２	新領地-598,-656	-598	-656		
ここいーすか？	フロ２	新領地-604,-664	-604	-664		
ここいーすか？	フロ２	新領地-606,-672	-606	-672		
ここいーすか？	フロ２	新領地-595,-650	-595	-650		
ここいーすか？	フロ２	新領地-616,-676	-616	-676		
ここいーすか？	フロ２	新領地-595,-651	-595	-651		
ここいーすか？	駆風	九重	-479	-414	338	1
ここいーすか？	駆風	新領地-450,-421	-450	-421		
ここいーすか？	駆風	新領地-446,-424	-446	-424		
ここいーすか？	駆風	新領地-442,-428	-442	-428		
ここいーすか？	駆風	新領地-441,-429	-441	-429		
ここいーすか？	駆風	新領地-438,-567	-438	-567		
ここいーすか？	駆風	新領地-440,-427	-440	-427		
ここいーすか？	駆風	新領地-439,-425	-439	-425		
ここいーすか？	駆風	新領地-439,-568	-439	-568		
ここいーすか？	駆風	新領地-440,-428	-440	-428		
ここいーすか？	駆風	新領地-433,-425	-433	-425		
ここいーすか？	駆風	新領地-433,-426	-433	-426		
ここいーすか？	駆風	新領地-434,-426	-434	-426		
ここいーすか？	駆風	新領地-550,-600	-550	-600		
ここいーすか？	駆風	新領地-438,-569	-438	-569		
ここいーすか？	駆風	新領地-438,-570	-438	-570		
ここいーすか？	駆風	新領地-478,-413	-478	-413		
ここいーすか？	駆風	新領地-447,-425	-447	-425		
ここいーすか？	駆風	新領地-448,-426	-448	-426		
ここいーすか？	駆風	新領地-569,-611	-569	-611		
ここいーすか？	駆風	新領地-614,-675	-614	-675		
ここいーすか？	駆風	新領地-479,-413	-479	-413		
ここいーすか？	駆風	新領地-615,-676	-615	-676		
ここいーすか？	駆風	新領地-614,-677	-614	-677		
ここいーすか？	駆風	新領地-617,-664	-617	-664		
ここいーすか？	Leica	白羊宮	-645	-69	562	1
ここいーすか？	Leica	新規砦-619,-665	-619	-665	2	
ここいーすか？	Leica	515SW	-635	-69		
ここいーすか？	Leica	515W	-635	-68		
ここいーすか？	Leica	515NW	-635	-67		
ここいーすか？	Leica	新領地-449,-557	-449	-557		
ここいーすか？	Leica	新領地-480,-568	-480	-568		
ここいーすか？	Leica	新領地-570,-621	-570	-621		
ここいーすか？	Leica	新領地-567,-627	-567	-627		
ここいーすか？	Leica	新領地-557,-633	-557	-633		
ここいーすか？	Leica	新領地-555,-633	-555	-633		
ここいーすか？	Leica	新領地-549,-635	-549	-635		
ここいーすか？	Leica	新領地-645,-70	-645	-70		
ここいーすか？	Leica	新領地-644,-70	-644	-70		
ここいーすか？	Leica	新領地-645,-68	-645	-68		
ここいーすか？	Leica	新領地-646,-70	-646	-70		
ここいーすか？	Leica	新領地-646,-68	-646	-68		
ここいーすか？	Leica	新領地-646,-69	-646	-69		
ここいーすか？	Leica	新領地-644,-68	-644	-68		
ここいーすか？	Leica	新領地-644,-69	-644	-69		
ここいーすか？	Leica	新領地-654,-68	-654	-68		
ここいーすか？	Leica	新領地-653,-68	-653	-68		
ここいーすか？	TY27	TY27城	-342	-544	281	1
ここいーすか？	TY27	新規砦-529,-578	-529	-578	82	
ここいーすか？	TY27	新領地-341,-544	-341	-544		
ここいーすか？	TY27	新領地-354,-528	-354	-528		
ここいーすか？	TY27	新領地-340,-543	-340	-543		
ここいーすか？	TY27	新領地-428,-558	-428	-558		
ここいーすか？	TY27	新領地-338,-543	-338	-543		
ここいーすか？	TY27	新領地-505,-592	-505	-592		
ここいーすか？	TY27	新領地-573,-609	-573	-609		
ここいーすか？	TY27	新領地-576,-611	-576	-611		
ここいーすか？	TY27	新領地-574,-612	-574	-612		
ここいーすか？	TY27	新領地-531,-575	-531	-575		
ここいーすか？	TY27	新領地-532,-574	-532	-574		
ここいーすか？	TY27	新領地-527,-577	-527	-577		
ここいーすか？	horihi	混世魔王樊瑞	-404	-506	602	1
ここいーすか？	horihi	新規砦-499,-253	-499	-253	2	
ここいーすか？	horihi	新領地-404,-507	-404	-507		
ここいーすか？	horihi	新領地-377,-467	-377	-467		
ここいーすか？	horihi	新領地-402,-506	-402	-506		
ここいーすか？	horihi	新領地-507,-581	-507	-581		
ここいーすか？	horihi	新領地-548,-594	-548	-594		
ここいーすか？	horihi	新領地-471,-570	-471	-570		
ここいーすか？	horihi	新領地-505,-241	-505	-241		
ここいーすか？	horihi	新領地-504,-242	-504	-242		
ここいーすか？	horihi	新領地-504,-240	-504	-240		
ここいーすか？	horihi	新領地-499,-250	-499	-250		
ここいーすか？	horihi	新領地-500,-251	-500	-251		
ここいーすか？	horihi	新領地-500,-252	-500	-252		
ここいーすか？	horihi	新領地-505,-242	-505	-242		
ここいーすか？	horihi	新領地-498,-253	-498	-253		
ここいーすか？	horihi	新領地-497,-254	-497	-254		
ここいーすか？	horihi	新領地-499,-252	-499	-252		
ここいーすか？	スバル	スバル城-619-189	-619	-189	571	1
ここいーすか？	スバル	新規砦-637,-663	-637	-663	2	
ここいーすか？	スバル	新領地-611,-173	-611	-173		
ここいーすか？	スバル	新領地-612,-177	-612	-177		
ここいーすか？	スバル	新領地-616,-186	-616	-186		
ここいーすか？	スバル	新領地-530,-579	-530	-579		
ここいーすか？	スバル	新領地-566,-606	-566	-606		
ここいーすか？	スバル	新領地-437,-566	-437	-566		
ここいーすか？	スバル	新領地-557,-601	-557	-601		
ここいーすか？	スバル	新領地-619,-663	-619	-663		
ここいーすか？	スバル	新領地-635,-662	-635	-662		
ここいーすか？	スバル	新領地-635,-664	-635	-664		
ここいーすか？	スバル	新領地-630,-665	-630	-665		
ここいーすか？	スバル	新領地-620,-663	-620	-663		
ここいーすか？	スバル	新領地-620,-189	-620	-189		
ここいーすか？	スバル	新領地-619,-662	-619	-662		
ここいーすか？	スバル	新領地-634,-661	-634	-661		
ここいーすか？	スバル	新領地-638,-662	-638	-662		
ここいーすか？	スバル	新領地-635,-665	-635	-665		
ここいーすか？	RIKO	新規城-154,-577	-154	-577	259	1
ここいーすか？	RIKO	新領地-154,-574	-154	-574		
ここいーすか？	RIKO	新領地-153,-567	-153	-567		
ここいーすか？	RIKO	新領地-153,-576	-153	-576		
ここいーすか？	RIKO	新領地-152,-577	-152	-577		
ここいーすか？	RIKO	新領地-503,-590	-503	-590		
ここいーすか？	酢と酸	今期こそは麻雀やるど！	-195	-611	943	1
ここいーすか？	酢と酸	新領地-193,-613	-193	-613		
ここいーすか？	酢と酸	新領地-446,-564	-446	-564		
ここいーすか？	酢と酸	新領地-449,-563	-449	-563		
ここいーすか？	酢と酸	☆９℃リトライ	-447	-564		
ここいーすか？	酢と酸	新領地-570,-615	-570	-615		
ここいーすか？	酢と酸	新領地-490,-572	-490	-572		
ここいーすか？	酢と酸	新領地-508,-553	-508	-553		
ここいーすか？	酢と酸	新領地-508,-552	-508	-552		
ここいーすか？	酢と酸	新領地-508,-551	-508	-551		
ここいーすか？	酢と酸	新領地-509,-553	-509	-553		
ここいーすか？	酢と酸	新領地-509,-551	-509	-551		
ここいーすか？	酢と酸	新領地-510,-546	-510	-546		
ここいーすか？	酢と酸	新領地-515,-537	-515	-537		
ここいーすか？	酢と酸	新領地-535,-540	-535	-540		
ここいーすか？	酢と酸	新領地-532,-541	-532	-541		
ここいーすか？	酢と酸	新領地-537,-545	-537	-545		
ここいーすか？	酢と酸	新領地-539,-542	-539	-542		
ここいーすか？	酢と酸	新領地-536,-545	-536	-545		
ここいーすか？	酢と酸	新領地-535,-546	-535	-546		
ここいーすか？	酢と酸	新領地-535,-547	-535	-547		
ここいーすか？	酢と酸	新領地-534,-539	-534	-539		
ここいーすか？	酢と酸	新領地-535,-538	-535	-538		
ここいーすか？	酢と酸	新領地-536,-537	-536	-537		
ここいーすか？	酢と酸	新領地-537,-536	-537	-536		
ここいーすか？	酢と酸	新領地-538,-535	-538	-535		
ここいーすか？	酢と酸	新領地-539,-534	-539	-534		
ここいーすか？	酢と酸	新領地-540,-533	-540	-533		
ここいーすか？	酢と酸	新領地-541,-534	-541	-534		
ここいーすか？	酢と酸	新領地-542,-533	-542	-533		
ここいーすか？	酢と酸	新領地-543,-532	-543	-532		
ここいーすか？	酢と酸	新領地-544,-533	-544	-533		
ここいーすか？	酢と酸	新領地-545,-532	-545	-532		
ここいーすか？	酢と酸	新領地-539,-543	-539	-543		
ここいーすか？	黒法被	マクロスクォーター	-9	-642	644	1
ここいーすか？	黒法被	新領地-8,-639	-8	-639		
ここいーすか？	黒法被	uroko領地	-4	-640		
ここいーすか？	黒法被	新領地-422,-560	-422	-560		
ここいーすか？	黒法被	新領地-499,-468	-499	-468		
ここいーすか？	黒法被	新領地-502,-584	-502	-584		
ここいーすか？	黒法被	新領地-582,-630	-582	-630		
ここいーすか？	黒法被	新領地-592,-628	-592	-628		
ここいーすか？	黒法被	新領地-516,-475	-516	-475		
ここいーすか？	黒法被	新領地-594,-628	-594	-628		
ここいーすか？	黒法被	新領地-607,-626	-607	-626		
ここいーすか？	黒法被	新領地-595,-627	-595	-627		
ここいーすか？	黒法被	新領地-597,-623	-597	-623		
ここいーすか？	黒法被	新領地-595,-630	-595	-630		
ここいーすか？	黒法被	新領地-602,-626	-602	-626		
ここいーすか？	黒法被	新領地-604,-623	-604	-623		
ここいーすか？	黒法被	新領地-603,-625	-603	-625		
ここいーすか？	黒法被	新領地-623,-640	-623	-640		
ここいーすか？	黒法被	新領地-624,-641	-624	-641		
ここいーすか？	黒法被	新領地-625,-641	-625	-641		
ここいーすか？	黒法被	新領地-626,-642	-626	-642		
ここいーすか？	黒法被	新領地-627,-641	-627	-641		
ここいーすか？	黒法被	新領地-591,-643	-591	-643		
ここいーすか？	黒法被	新領地-628,-642	-628	-642		
ここいーすか？	黒法被	新領地-587,-638	-587	-638		
ここいーすか？	黒法被	新領地-590,-644	-590	-644		
ここいーすか？	黒法被	新領地-622,-640	-622	-640		
ここいーすか？	司馬末	しばすー＠-37-646	-37	-646	675	1
ここいーすか？	司馬末	新規村-454,-567	-454	-567	2	
ここいーすか？	司馬末	新領地-37,-645	-37	-645		
ここいーすか？	司馬末	新領地-38,-647	-38	-647		
ここいーすか？	司馬末	新領地-36,-647	-36	-647		
ここいーすか？	ルッパ～ン	いちばんめ	-100	-634	650	1
ここいーすか？	ルッパ～ン	新規砦-585,-687	-585	-687	2	
ここいーすか？	ルッパ～ン	新領地-98,-636	-98	-636		
ここいーすか？	ルッパ～ン	新領地-97,-636	-97	-636		
ここいーすか？	ルッパ～ン	新領地-551,-287	-551	-287		
ここいーすか？	ルッパ～ン	新領地-101,-636	-101	-636		
ここいーすか？	ルッパ～ン	新領地-427,-559	-427	-559		
ここいーすか？	ルッパ～ン	新領地-597,-638	-597	-638		
ここいーすか？	ルッパ～ン	新領地-572,-621	-572	-621		
ここいーすか？	ルッパ～ン	新領地-596,-637	-596	-637		
ここいーすか？	ルッパ～ン	新領地-596,-638	-596	-638		
ここいーすか？	ルッパ～ン	新領地-614,-663	-614	-663		
ここいーすか？	ルッパ～ン	新領地-600,-673	-600	-673		
ここいーすか？	ルッパ～ン	新領地-594,-683	-594	-683		
ここいーすか？	ルッパ～ン	新領地-583,-686	-583	-686		
ここいーすか？	ルッパ～ン	新領地-584,-686	-584	-686		
ここいーすか？	ルッパ～ン	新領地-585,-688	-585	-688		
ここいーすか？	ルッパ～ン	新領地-585,-689	-585	-689		
ここいーすか？	ルッパ～ン	新領地-584,-690	-584	-690		
ここいーすか？	ルッパ～ン	新領地-584,-691	-584	-691		
ここいーすか？	ルッパ～ン	新領地-585,-692	-585	-692		
ここいーすか？	ルッパ～ン	新領地-586,-693	-586	-693		
ここいーすか？	ルッパ～ン	新領地-586,-694	-586	-694		
ここいーすか？	ルッパ～ン	新領地-587,-695	-587	-695		
ここいーすか？	ルッパ～ン	新領地-586,-696	-586	-696		
ここいーすか？	しん	いーち-190,-619	-190	-619	661	1
ここいーすか？	しん	足場-526,-594	-526	-594	2	
ここいーすか？	しん	新領地-456,-572	-456	-572		
ここいーすか？	しん	新領地-518,-585	-518	-585		
ここいーすか？	しん	新領地-519,-580	-519	-580		
ここいーすか？	しん	新領地-517,-586	-517	-586		
ここいーすか？	しん	新領地-518,-591	-518	-591		
ここいーすか？	しん	新領地-522,-587	-522	-587		
ここいーすか？	しん	新領地-518,-590	-518	-590		
ここいーすか？	しん	新領地-527,-594	-527	-594		
ここいーすか？	ロンリー	新城-619,-176	-619	-176	348	1
ここいーすか？	ロンリー	新規村-602,-636	-602	-636	2	
ここいーすか？	ロンリー	新領地-617,-177	-617	-177		
ここいーすか？	ロンリー	新領地-615,-178	-615	-178		
ここいーすか？	ロンリー	新領地-613,-137	-613	-137		
ここいーすか？	ロンリー	新領地-596,-631	-596	-631		
ここいーすか？	ロンリー	新領地-594,-650	-594	-650		
ここいーすか？	$Decci$	ざ・でっち	-296	-571	337	1
ここいーすか？	$Decci$	新規村-297,-570	-297	-570	254	
ここいーすか？	$Decci$	新領地-296,-574	-296	-574		
ここいーすか？	$Decci$	新領地-295,-569	-295	-569		
ここいーすか？	$Decci$	新領地-295,-572	-295	-572		
ここいーすか？	$Decci$	新領地-294,-572	-294	-572		
ここいーすか？	$Decci$	新領地-298,-569	-298	-569		
ここいーすか？	$Decci$	新領地-295,-568	-295	-568		
ここいーすか？	$Decci$	新領地-297,-568	-297	-568		
ここいーすか？	$Decci$	新領地-298,-568	-298	-568		
ここいーすか？	$Decci$	新領地-515,-577	-515	-577		
ここいーすか？	$Decci$	新領地-297,-569	-297	-569		
ここいーすか？	$Decci$	新領地-297,-575	-297	-575		
ここいーすか？	$Decci$	新領地-297,-576	-297	-576		
ここいーすか？	$Decci$	新領地-294,-571	-294	-571		
ここいーすか？	$Decci$	新領地-295,-574	-295	-574		
ここいーすか？	$Decci$	新領地-299,-570	-299	-570		
ここいーすか？	$Decci$	新領地-300,-571	-300	-571		
ここいーすか？	$Decci$	新領地-301,-570	-301	-570		
ここいーすか？	$Decci$	新領地-294,-569	-294	-569		
ここいーすか？	$Decci$	新領地-299,-568	-299	-568		
ここいーすか？	$Decci$	新領地-300,-568	-300	-568		
ここいーすか？	Fairlady	300ZX	-357	-534	561	1
ここいーすか？	Fairlady	新規村-578,-626	-578	-626	2	
ここいーすか？	Fairlady	新領地-357,-535	-357	-535		
ここいーすか？	Fairlady	新領地-355,-528	-355	-528		
ここいーすか？	Fairlady	新領地-355,-527	-355	-527		
ここいーすか？	Fairlady	新領地-356,-535	-356	-535		
ここいーすか？	Fairlady	新領地-354,-530	-354	-530		
ここいーすか？	Fairlady	新領地-353,-531	-353	-531		
ここいーすか？	Fairlady	新領地-362,-529	-362	-529		
ここいーすか？	Fairlady	新領地-357,-527	-357	-527		
ここいーすか？	Fairlady	新領地-359,-525	-359	-525		
ここいーすか？	Fairlady	新領地-412,-549	-412	-549		
ここいーすか？	Fairlady	新領地-415,-549	-415	-549		
ここいーすか？	Fairlady	新領地-414,-550	-414	-550		
ここいーすか？	イスカ	鬼武者城	-365	-528	549	1
ここいーすか？	イスカ	新規砦-8,-582	-8	-582	2	
ここいーすか？	イスカ	南西砦335	-392	-484		
ここいーすか？	イスカ	南西砦416	-507	-329		
ここいーすか？	イスカ	南西砦450	-551	-288		
ここいーすか？	イスカ	南西砦475	-575	-612		
ここいーすか？	イスカ	南西砦498	-617	-90		
ここいーすか？	イスカ	南西砦500	-612	-174		
ここいーすか？	イスカ	新領地-365,-526	-365	-526		
ここいーすか？	イスカ	新領地-353,-528	-353	-528		
ここいーすか？	イスカ	新領地-363,-529	-363	-529		
ここいーすか？	イスカ	新領地-428,-562	-428	-562		
ここいーすか？	イスカ	新領地-363,-531	-363	-531		
ここいーすか？	イスカ	新領地-428,-561	-428	-561		
ここいーすか？	イスカ	新領地-503,-578	-503	-578		
ここいーすか？	イスカ	新領地-366,-529	-366	-529		
ここいーすか？	イスカ	新領地-369,-536	-369	-536		
ここいーすか？	イスカ	新領地-510,-551	-510	-551		
ここいーすか？	イスカ	新領地-510,-553	-510	-553		
ここいーすか？	イスカ	新領地-566,-605	-566	-605		
ここいーすか？	イスカ	新領地-606,-647	-606	-647		
ここいーすか？	イスカ	新領地-9,-579	-9	-579		
ここいーすか？	イスカ	新領地-26,-559	-26	-559		
ここいーすか？	風来坊	風来城-345,-536	-345	-536	552	1
ここいーすか？	風来坊	新領地-353,-527	-353	-527		
ここいーすか？	風来坊	新領地-354,-526	-354	-526		
ここいーすか？	風来坊	新領地-353,-526	-353	-526		
ここいーすか？	風来坊	新領地-355,-526	-355	-526		
ここいーすか？	風来坊	新領地-345,-534	-345	-534		
ここいーすか？	風来坊	新領地-342,-538	-342	-538		
ここいーすか？	風来坊	新領地-436,-573	-436	-573		
ここいーすか？	風来坊	新領地-438,-573	-438	-573		
ここいーすか？	風来坊	新領地-436,-572	-436	-572		
ここいーすか？	風来坊	新領地-435,-574	-435	-574		
ここいーすか？	風来坊	新領地-437,-572	-437	-572		
ここいーすか？	風来坊	新領地-438,-572	-438	-572		
ここいーすか？	風来坊	新領地-437,-571	-437	-571		
ここいーすか？	風来坊	新領地-436,-574	-436	-574		
ここいーすか？	風来坊	新領地-503,-597	-503	-597		
ここいーすか？	風来坊	新領地-508,-577	-508	-577		
ここいーすか？	風来坊	新領地-503,-599	-503	-599		
ここいーすか？	風来坊	新領地-502,-600	-502	-600		
ここいーすか？	風来坊	新領地-503,-601	-503	-601		
ここいーすか？	風来坊	新領地-504,-602	-504	-602		
ここいーすか？	風来坊	新領地-504,-603	-504	-603		
ここいーすか？	風来坊	新領地-505,-604	-505	-604		
ここいーすか？	風来坊	新領地-506,-605	-506	-605		
ここいーすか？	風来坊	新領地-507,-605	-507	-605		
ここいーすか？	風来坊	新領地-508,-605	-508	-605		
ここいーすか？	風来坊	新領地-501,-601	-501	-601		
ここいーすか？	風来坊	新領地-509,-606	-509	-606		
ここいーすか？	風来坊	新領地-503,-598	-503	-598		
ここいーすか？	カツタケ	モヤモヤ城	645	-7	534	1
ここいーすか？	カツタケ	新規村648,-7	648	-7	154	
ここいーすか？	カツタケ	新領地646,-7	646	-7		
ここいーすか？	カツタケ	新領地647,-7	647	-7		
ここいーすか？	カツタケ	新領地650,-7	650	-7		
ここいーすか？	カツタケ	新領地644,-8	644	-8		
ここいーすか？	カツタケ	新領地643,-7	643	-7		
ここいーすか？	カツタケ	新領地642,-6	642	-6		
ここいーすか？	カツタケ	新領地645,-8	645	-8		
ここいーすか？	カツタケ	新領地648,-8	648	-8		
ここいーすか？	アクダマンR	空出張どーん	-561	-313	517	1
ここいーすか？	アクダマンR	新規村-567,-594	-567	-594	2	
ここいーすか？	アクダマンR	新領地-559,-312	-559	-312		
ここいーすか？	アクダマンR	新領地-570,-602	-570	-602		
ここいーすか？	アクダマンR	新領地-567,-603	-567	-603		
ここいーすか？	アクダマンR	新領地-566,-602	-566	-602		
ここいーすか？	アクダマンR	新領地-568,-597	-568	-597		
ここいーすか？	アクダマンR	新領地-569,-601	-569	-601		
ここいーすか？	アクダマンR	新領地-569,-596	-569	-596		
ここいーすか？	アクダマンR	新領地-567,-597	-567	-597		
ここいーすか？	アクダマンR	新領地-569,-595	-569	-595		
ここいーすか？	アクダマンR	新領地-566,-593	-566	-593		
ここいーすか？	アクダマンR	新領地-571,-593	-571	-593		
ここいーすか？	アクダマンR	新領地-572,-596	-572	-596		
ここいーすか？	アクダマンR	新領地-573,-597	-573	-597		
ここいーすか？	アクダマンR	新領地-574,-598	-574	-598		
ここいーすか？	アクダマンR	新領地-565,-593	-565	-593		
ここいーすか？	アクダマンR	新領地-572,-594	-572	-594		
ここいーすか？	アクダマンR	新領地-575,-599	-575	-599		
ここいーすか？	ちゅん２００３	はまかぜ	-45	-641	289	1
ここいーすか？	ちゅん２００３	しおかぜ	-481	-569	177	
ここいーすか？	ちゅん２００３	新領地-45,-642	-45	-642		
ここいーすか？	ちゅん２００３	新領地-46,-640	-46	-640		
ここいーすか？	ちゅん２００３	新領地-44,-642	-44	-642		
ここいーすか？	ちゅん２００３	新領地-43,-641	-43	-641		
ここいーすか？	ちゅん２００３	新領地-482,-576	-482	-576		
ここいーすか？	ちゅん２００３	新領地-44,-643	-44	-643		
ここいーすか？	ちゅん２００３	新領地-45,-639	-45	-639		
ここいーすか？	ちゅん２００３	新領地-43,-640	-43	-640		
ここいーすか？	ちゅん２００３	新領地-44,-639	-44	-639		
ここいーすか？	ちゅん２００３	新領地-43,-642	-43	-642		
ここいーすか？	ちゅん２００３	新領地-43,-639	-43	-639		
ここいーすか？	ちゅん２００３	新領地-47,-641	-47	-641		
ここいーすか？	knit	城-626,-148	-626	-148	459	1
ここいーすか？	knit	新領地-618,-140	-618	-140		
ここいーすか？	knit	新領地-618,-90	-618	-90		
ここいーすか？	knit	新領地-618,-89	-618	-89		
ここいーすか？	knit	新領地-625,-148	-625	-148		
ここいーすか？	knit	新領地-615,-89	-615	-89		
ここいーすか？	knit	新領地-624,-148	-624	-148		
ここいーすか？	knit	新領地-506,-589	-506	-589		
ここいーすか？	knit	新領地-506,-590	-506	-590		
ここいーすか？	knit	新領地-505,-591	-505	-591		
ここいーすか？	knit	新領地-506,-591	-506	-591		
ここいーすか？	knit	新領地-510,-584	-510	-584		
ここいーすか？	knit	新領地-505,-589	-505	-589		
ここいーすか？	knit	新領地-504,-591	-504	-591		
ここいーすか？	knit	新領地-499,-563	-499	-563		
ここいーすか？	knit	新領地-501,-560	-501	-560		
ここいーすか？	knit	新領地-498,-565	-498	-565		
ここいーすか？	knit	新領地-500,-565	-500	-565		
ここいーすか？	knit	新領地-509,-562	-509	-562		
ここいーすか？	knit	新領地-513,-563	-513	-563		
ここいーすか？	knit	新領地-14,-560	-14	-560		
ここいーすか？	knit	新領地-13,-559	-13	-559		
ここいーすか？	knit	新領地-12,-558	-12	-558		
ここいーすか？	knit	新領地-11,-557	-11	-557		
ここいーすか？	knit	新領地-10,-556	-10	-556		
ここいーすか？	knit	新領地-15,-561	-15	-561		
ここいーすか？	うさどん	うさどん城	-163	-621	415	1
ここいーすか？	うさどん	新規村-476,-574	-476	-574	9	
ここいーすか？	うさどん	新領地-161,-619	-161	-619		
ここいーすか？	うさどん	新領地-160,-621	-160	-621		
ここいーすか？	うさどん	新領地-169,-617	-169	-617		
ここいーすか？	うさどん	新領地-156,-619	-156	-619		
ここいーすか？	うさどん	新領地-161,-620	-161	-620		
ここいーすか？	うさどん	新領地-480,-570	-480	-570		
ここいーすか？	うさどん	新領地-479,-571	-479	-571		
ここいーすか？	うさどん	新領地-478,-567	-478	-567		
ここいーすか？	うさどん	新領地-478,-572	-478	-572		
ここいーすか？	うさどん	新領地-475,-575	-475	-575		
ここいーすか？	うさどん	新領地-474,-576	-474	-576		
ここいーすか？	うさどん	新領地-477,-575	-477	-575		
ここいーすか？	うさどん	新領地-478,-576	-478	-576		
ここいーすか？	裏紫	紫宸殿-644,-14	-644	-14	243	1
ここいーすか？	裏紫	梅壺-631,-31	-631	-31	178	
ここいーすか？	裏紫	新領地-642,-16	-642	-16		
ここいーすか？	裏紫	新領地-640,-19	-640	-19		
ここいーすか？	裏紫	新領地-638,-22	-638	-22		
ここいーすか？	裏紫	新領地-635,-25	-635	-25		
ここいーすか？	裏紫	新領地-634,-26	-634	-26		
ここいーすか？	裏紫	新領地-635,-27	-635	-27		
ここいーすか？	裏紫	新領地-646,-16	-646	-16		
ここいーすか？	裏紫	新領地-642,-13	-642	-13		
ここいーすか？	裏紫	新領地-643,-12	-643	-12		
ここいーすか？	裏紫	新領地-634,-25	-634	-25		
ここいーすか？	裏紫	新領地-633,-29	-633	-29		
ここいーすか？	裏紫	新領地-634,-27	-634	-27		
ここいーすか？	裏紫	新領地-632,-27	-632	-27		
ここいーすか？	裏紫	新領地-643,-17	-643	-17		
ここいーすか？	裏紫	新領地-642,-11	-642	-11		
ここいーすか？	裏紫	新領地-641,-12	-641	-12		
ここいーすか？	裏紫	新領地-642,-10	-642	-10		
ここいーすか？	裏紫	新領地-643,-18	-643	-18		
ここいーすか？	裏紫	新領地-645,-13	-645	-13		
ここいーすか？	裏紫	新領地-641,-15	-641	-15		
ここいーすか？	裏紫	新領地-640,-16	-640	-16		
ここいーすか？	裏紫	新領地-646,-12	-646	-12		
ここいーすか？	裏紫	新領地-645,-11	-645	-11		
ここいーすか？	裏紫	新領地-646,-14	-646	-14		
ここいーすか？	裏紫	新領地-646,-17	-646	-17		
ここいーすか？	キンメダイ	ポール・ボキューズ	-634	-103	418	1
ここいーすか？	キンメダイ	新領地-632,-105	-632	-105		
ここいーすか？	キンメダイ	新領地-636,-24	-636	-24		
ここいーすか？	キンメダイ	新領地-634,-67	-634	-67		
ここいーすか？	キンメダイ	新領地-617,-89	-617	-89		
ここいーすか？	キンメダイ	新領地-615,-90	-615	-90		
ここいーすか？	キンメダイ	新領地-615,-91	-615	-91		
ここいーすか？	キンメダイ	新領地-635,-102	-635	-102		
ここいーすか？	キンメダイ	新領地-416,-550	-416	-550		
ここいーすか？	キンメダイ	新領地-636,-106	-636	-106		
ここいーすか？	キンメダイ	新領地-633,-103	-633	-103		
ここいーすか？	キンメダイ	新領地-634,-104	-634	-104		
ここいーすか？	キンメダイ	新領地-635,-101	-635	-101		
ここいーすか？	キンメダイ	新領地-637,-101	-637	-101		
ここいーすか？	キンメダイ	新領地-633,-104	-633	-104		
ここいーすか？	アイスくん	だい城	-324	-554	388	1
ここいーすか？	アイスくん	新領地-333,-553	-333	-553		
ここいーすか？	アイスくん	新領地-323,-552	-323	-552		
ここいーすか？	アイスくん	新領地-324,-550	-324	-550		
ここいーすか？	アイスくん	新領地-325,-551	-325	-551		
ここいーすか？	アイスくん	新領地-326,-551	-326	-551		
ここいーすか？	アイスくん	新領地-323,-549	-323	-549		
ここいーすか？	アイスくん	新領地-326,-554	-326	-554		
ここいーすか？	アイスくん	新領地-324,-555	-324	-555		
ここいーすか？	アイスくん	新領地-489,-565	-489	-565		
ここいーすか？	アイスくん	新領地-493,-562	-493	-562		
ここいーすか？	アイスくん	新領地-494,-561	-494	-561		
ここいーすか？	アイスくん	新領地-486,-560	-486	-560		
ここいーすか？	アイスくん	新領地-485,-559	-485	-559		
ここいーすか？	アイスくん	新領地-487,-564	-487	-564		
ここいーすか？	アイスくん	新領地-492,-562	-492	-562		
ここいーすか？	ユウポン	クイーン・ユウポン	-247	-593	362	1
ここいーすか？	ユウポン	新領地-242,-589	-242	-589		
ここいーすか？	ユウポン	新領地-239,-590	-239	-590		
ここいーすか？	ユウポン	新領地-239,-591	-239	-591		
ここいーすか？	ユウポン	新領地-615,-137	-615	-137		
ここいーすか？	ユウポン	新領地-243,-590	-243	-590		
ここいーすか？	ユウポン	新領地-247,-592	-247	-592		
ここいーすか？	ユウポン	新領地-551,-598	-551	-598		
ここいーすか？	ユウポン	新領地-587,-633	-587	-633		
ここいーすか？	ユウポン	新領地-616,-663	-616	-663		
ここいーすか？	ユウポン	新領地-615,-662	-615	-662		
ここいーすか？	ユウポン	新領地-597,-677	-597	-677		
ここいーすか？	ユウポン	新領地-615,-663	-615	-663		
ここいーすか？	ユウポン	新領地-617,-663	-617	-663		
ここいーすか？	ユウポン	新領地-596,-680	-596	-680		
ここいーすか？	ユウポン	新領地-597,-679	-597	-679		
ここいーすか？	uroko	尻城-4,-642	-4	-642	379	1
ここいーすか？	uroko	新領地-3,-640	-3	-640		
ここいーすか？	uroko	新領地-4,-639	-4	-639		
ここいーすか？	uroko	新領地-6,-639	-6	-639		
ここいーすか？	uroko	新領地1,-639	1	-639		
ここいーすか？	uroko	新領地-517,-572	-517	-572		
ここいーすか？	uroko	新領地-517,-577	-517	-577		
ここいーすか？	uroko	新領地-518,-576	-518	-576		
ここいーすか？	uroko	新領地-520,-576	-520	-576		
ここいーすか？	uroko	新領地-522,-577	-522	-577		
ここいーすか？	uroko	新領地-517,-571	-517	-571		
ここいーすか？	uroko	新領地-520,-571	-520	-571		
ここいーすか？	uroko	新領地-521,-570	-521	-570		
ここいーすか？	uroko	新領地-518,-571	-518	-571		
ここいーすか？	ちひろ	食べかけリンゴ	-94	-641	364	1
ここいーすか？	ちひろ	新規村-617,-660	-617	-660	2	
ここいーすか？	ちひろ	新領地-93,-638	-93	-638		
ここいーすか？	ちひろ	新領地-99,-622	-99	-622		
ここいーすか？	ちひろ	新領地-95,-642	-95	-642		
ここいーすか？	ちひろ	新領地-523,-581	-523	-581		
ここいーすか？	ちひろ	新領地-571,-618	-571	-618		
ここいーすか？	ちひろ	新領地-617,-661	-617	-661		
ここいーすか？	ちひろ	新領地-617,-662	-617	-662		
ここいーすか？	ちひろ	新領地-94,-642	-94	-642		
ここいーすか？	ちひろ	新領地-95,-643	-95	-643		
ここいーすか？	利休	凛田城-594,-217	-594	-217	372	1
ここいーすか？	利休	新領地-592,-216	-592	-216		
ここいーすか？	利休	新領地-591,-217	-591	-217		
ここいーすか？	利休	新領地-590,-217	-590	-217		
ここいーすか？	利休	新領地-589,-218	-589	-218		
ここいーすか？	利休	新領地-588,-217	-588	-217		
ここいーすか？	利休	新領地-587,-216	-587	-216		
ここいーすか？	利休	新領地-586,-215	-586	-215		
ここいーすか？	利休	新領地-590,-219	-590	-219		
ここいーすか？	利休	新領地-595,-218	-595	-218		
ここいーすか？	利休	新領地-595,-219	-595	-219		
ここいーすか？	利休	新領地-595,-216	-595	-216		
ここいーすか？	利休	新領地-596,-217	-596	-217		
ここいーすか？	利休	新領地-597,-217	-597	-217		
ここいーすか？	利休	新領地-587,-217	-587	-217		
ここいーすか？	利休	新領地-594,-216	-594	-216		
ここいーすか？	利休	新領地-591,-219	-591	-219		
ここいーすか？	利休	新領地-593,-216	-593	-216		
ここいーすか？	利休	新領地-595,-220	-595	-220		
ここいーすか？	利休	新領地-590,-218	-590	-218		
ここいーすか？	利休	新領地-594,-220	-594	-220		
ここいーすか？	利休	新領地-593,-220	-593	-220		
ここいーすか？	利休	新領地-596,-216	-596	-216		
ここいーすか？	利休	新領地-596,-218	-596	-218		
ここいーすか？	利休	新領地-591,-216	-591	-216		
ここいーすか？	利休	新領地-592,-220	-592	-220		
ここいーすか？	三条	霞城-138,-628	-138	-628	338	1
ここいーすか？	三条	カリメロ村	-598	-637	2	
ここいーすか？	三条	新領地-138,-627	-138	-627		
ここいーすか？	三条	新領地-136,-625	-136	-625		
ここいーすか？	三条	新領地-131,-618	-131	-618		
ここいーすか？	三条	新領地-139,-624	-139	-624		
ここいーすか？	三条	新領地-134,-621	-134	-621		
ここいーすか？	三条	新領地-136,-620	-136	-620		
ここいーすか？	三条	新領地-139,-629	-139	-629		
ここいーすか？	三条	新領地-487,-572	-487	-572		
ここいーすか？	三条	新領地-574,-611	-574	-611		
ここいーすか？	三条	新領地-599,-638	-599	-638		
ここいーすか？	三条	新領地-569,-607	-569	-607		
ここいーすか？	三条	新領地-597,-639	-597	-639		
ここいーすか？	三条	新領地-597,-637	-597	-637		
ここいーすか？	三条	新領地-600,-637	-600	-637		
ここいーすか？	三条	新領地-598,-639	-598	-639		
ここいーすか？	三条	新領地-601,-636	-601	-636		
ここいーすか？	三条	新領地-600,-640	-600	-640		
ここいーすか？	三条	新領地-600,-635	-600	-635		
ここいーすか？	三条	新領地-603,-639	-603	-639		
ここいーすか？	三条	新領地-599,-641	-599	-641		
ここいーすか？	三条	新領地-604,-639	-604	-639		
ここいーすか？	三条	新領地-596,-640	-596	-640		
ここいーすか？	三条	新領地-603,-640	-603	-640		
ここいーすか？	はこ	城-608,-78	-608	-78	406	1
ここいーすか？	はこ	新規村-564,-78	-564	-78	2	
ここいーすか？	はこ	新領地-609,-77	-609	-77		
ここいーすか？	はこ	新領地-605,-78	-605	-78		
ここいーすか？	はこ	新領地-439,-563	-439	-563		
ここいーすか？	はこ	新領地-593,-85	-593	-85		
ここいーすか？	はこ	新領地-592,-85	-592	-85		
ここいーすか？	はこ	新領地-599,-83	-599	-83		
ここいーすか？	はこ	新領地-595,-84	-595	-84		
ここいーすか？	はこ	新領地-600,-84	-600	-84		
ここいーすか？	はこ	新領地-594,-83	-594	-83		
ここいーすか？	はこ	新領地-592,-86	-592	-86		
ここいーすか？	はこ	新領地-585,-85	-585	-85		
ここいーすか？	はこ	新領地-575,-85	-575	-85		
ここいーすか？	はこ	新領地-554,-79	-554	-79		
ここいーすか？	はこ	新領地-553,-80	-553	-80		
ここいーすか？	はこ	新領地-552,-81	-552	-81		
ここいーすか？	はこ	新領地-551,-80	-551	-80		
ここいーすか？	はこ	新領地-550,-79	-550	-79		
ここいーすか？	春風	春風城&	-623	-179	238	1
ここいーすか？	春風	ティーパーティー	-609	-648	86	
ここいーすか？	春風	南西５００	-613	-174		
ここいーすか？	春風	新領地-467,-570	-467	-570		
ここいーすか？	春風	南西４３９①	-530	-576		
ここいーすか？	春風	南西４３９②	-530	-577		
ここいーすか？	春風	南西４９３①	-599	-639		
ここいーすか？	春風	南西４９３②	-599	-637		
ここいーすか？	春風	新領地-587,-632	-587	-632		
ここいーすか？	春風	新領地-624,-180	-624	-180		
ここいーすか？	春風	新領地-623,-178	-623	-178		
ここいーすか？	春風	南西５１１①	-618	-661		
ここいーすか？	春風	南西５１１②	-619	-661		
ここいーすか？	春風	新領地-609,-649	-609	-649		
ここいーすか？	春風	新領地-622,-179	-622	-179		
ここいーすか？	春風	新領地-622,-180	-622	-180		
ここいーすか？	春風	新領地-622,-178	-622	-178		
ここいーすか？	春風	新領地-624,-179	-624	-179		
ここいーすか？	春風	新領地-624,-178	-624	-178		
ここいーすか？	春風	新領地-623,-180	-623	-180		
ここいーすか？	春風	南西５１１③	-618	-663		
ここいーすか？	春風	新領地-615,-175	-615	-175		
ここいーすか？	春風	a&a&なぅなぅさん見学a&a&	-621	-127		
ここいーすか？	toshi＾＾	城-73,-643	-73	-643	335	1
ここいーすか？	toshi＾＾	新規村-586,-622	-586	-622	2	
ここいーすか？	toshi＾＾	新領地-74,-641	-74	-641		
ここいーすか？	toshi＾＾	新領地-530,-571	-530	-571		
ここいーすか？	toshi＾＾	新領地-530,-572	-530	-572		
ここいーすか？	toshi＾＾	新領地-581,-626	-581	-626		
ここいーすか？	toshi＾＾	新領地-584,-624	-584	-624		
ここいーすか？	toshi＾＾	新領地-582,-634	-582	-634		
ここいーすか？	toshi＾＾	新領地-583,-632	-583	-632		
ここいーすか？	toshi＾＾	新領地-584,-633	-584	-633		
ここいーすか？	toshi＾＾	新領地-581,-634	-581	-634		
ここいーすか？	toshi＾＾	新領地-583,-623	-583	-623		
ここいーすか？	toshi＾＾	新領地-586,-621	-586	-621		
ここいーすか？	Lino	ここから	-280	-577	304	1
ここいーすか？	Lino	新規砦-590,-642	-590	-642	2	
ここいーすか？	Lino	新領地-274,-569	-274	-569		
ここいーすか？	Lino	新領地-611,-134	-611	-134		
ここいーすか？	Lino	新領地-611,-137	-611	-137		
ここいーすか？	Lino	新領地-594,-634	-594	-634		
ここいーすか？	Lino	新領地-589,-637	-589	-637		
ここいーすか？	Lino	新領地-588,-636	-588	-636		
ここいーすか？	Lino	新領地-587,-637	-587	-637		
ここいーすか？	Lino	新領地-591,-639	-591	-639		
ここいーすか？	Lino	新領地-591,-640	-591	-640		
ここいーすか？	Lino	新領地-590,-641	-590	-641		
ここいーすか？	Lino	新領地-279,-576	-279	-576		
ここいーすか？	Lino	新領地-280,-576	-280	-576		
ここいーすか？	Lino	新領地-281,-577	-281	-577		
ここいーすか？	Lino	新領地-281,-578	-281	-578		
ここいーすか？	Lino	新領地-280,-578	-280	-578		
ここいーすか？	Lino	新領地-279,-578	-279	-578		
ここいーすか？	Lino	新領地-279,-577	-279	-577		
ここいーすか？	Lino	新領地-281,-576	-281	-576		
ここいーすか？	Lino	新領地-593,-633	-593	-633		
ここいーすか？	Lino	新領地-591,-641	-591	-641		
ここいーすか？	Lino	新領地-589,-644	-589	-644		
ここいーすか？	斉天大聖	城-648,30	-648	30	92	1
ここいーすか？	斉天大聖	新規村-573,-620	-573	-620	3	
ここいーすか？	斉天大聖	新領地-648,29	-648	29		
ここいーすか？	斉天大聖	新領地-648,31	-648	31		
ここいーすか？	斉天大聖	新領地-649,29	-649	29		
ここいーすか？	斉天大聖	新領地-649,30	-649	30		
ここいーすか？	斉天大聖	新領地-649,31	-649	31		
ここいーすか？	斉天大聖	新領地-647,29	-647	29		
ここいーすか？	斉天大聖	新領地-574,-621	-574	-621		
ここいーすか？	斉天大聖	新領地-575,-622	-575	-622		
ここいーすか？	連続	新城-447,-469	-447	-469	317	1
ここいーすか？	連続	新規村-613,-674	-613	-674	2	
ここいーすか？	連続	新領地-451,-469	-451	-469		
ここいーすか？	連続	新領地-612,-135	-612	-135		
ここいーすか？	連続	新領地-614,-136	-614	-136		
ここいーすか？	連続	新領地-565,-607	-565	-607		
ここいーすか？	連続	新領地-597,-651	-597	-651		
ここいーすか？	連続	新領地-597,-652	-597	-652		
ここいーすか？	主帝	主帝城	-79	-616	220	1
ここいーすか？	主帝	主帝分村1	-543	-586	97	
ここいーすか？	主帝	新領地-79,-617	-79	-617		
ここいーすか？	主帝	新領地-78,-615	-78	-615		
ここいーすか？	主帝	新領地-80,-618	-80	-618		
ここいーすか？	主帝	新領地-81,-617	-81	-617		
ここいーすか？	主帝	新領地-79,-614	-79	-614		
ここいーすか？	主帝	新領地-77,-614	-77	-614		
ここいーすか？	主帝	新領地-81,-618	-81	-618		
ここいーすか？	裏李侍郎	青焔	-549	-161	174	1
ここいーすか？	裏李侍郎	藍焔	-547	-161	124	
ここいーすか？	裏李侍郎	新領地-550,-161	-550	-161		
ここいーすか？	裏李侍郎	新領地-550,-162	-550	-162		
ここいーすか？	裏李侍郎	新領地-548,-160	-548	-160		
ここいーすか？	裏李侍郎	新領地-548,-159	-548	-159		
ここいーすか？	裏李侍郎	新領地-550,-160	-550	-160		
ここいーすか？	裏李侍郎	新領地-550,-163	-550	-163		
ここいーすか？	裏李侍郎	新領地-549,-163	-549	-163		
ここいーすか？	裏李侍郎	新領地-547,-162	-547	-162		
ここいーすか？	裏李侍郎	新領地-547,-160	-547	-160		
ここいーすか？	裏李侍郎	新領地-547,-163	-547	-163		
ここいーすか？	裏李侍郎	新領地-546,-161	-546	-161		
ここいーすか？	裏李侍郎	新領地-546,-160	-546	-160		
ここいーすか？	欅	菩提樹城	-635	-97	238	1
ここいーすか？	欅	新規村-557,-77	-557	-77	2	
ここいーすか？	欅	新領地-632,-94	-632	-94		
ここいーすか？	欅	新領地-631,-94	-631	-94		
ここいーすか？	欅	新領地-616,-91	-616	-91		
ここいーすか？	欅	新領地-616,-89	-616	-89		
ここいーすか？	欅	新領地-627,-93	-627	-93		
ここいーすか？	欅	新領地-603,-81	-603	-81		
ここいーすか？	欅	新領地-601,-82	-601	-82		
ここいーすか？	欅	新領地-590,-85	-590	-85		
ここいーすか？	欅	新領地-589,-83	-589	-83		
ここいーすか？	欅	新領地-588,-79	-588	-79		
ここいーすか？	欅	新領地-587,-79	-587	-79		
ここいーすか？	欅	新領地-582,-78	-582	-78		
ここいーすか？	欅	新領地-581,-78	-581	-78		
ここいーすか？	欅	新領地-585,-81	-585	-81		
ここいーすか？	欅	新領地-579,-75	-579	-75		
ここいーすか？	欅	新領地-561,-76	-561	-76		
ここいーすか？	欅	新領地-560,-76	-560	-76		
ここいーすか？	欅	新領地-559,-76	-559	-76		
ここいーすか？	欅	新領地-558,-77	-558	-77		
ここいーすか？	欅	新領地-581,-79	-581	-79		
ここいーすか？	欅	新領地-580,-76	-580	-76		
ここいーすか？	欅	新領地-556,-78	-556	-78		
ここいーすか？	欅	新領地-556,-79	-556	-79		
ここいーすか？	欅	新領地-555,-77	-555	-77		
ここいーすか？	欅	新領地-555,-80	-555	-80		
ここいーすか？	doya	doya城-25-631	-25	-631	264	1
ここいーすか？	doya	新規村-514,-579	-514	-579	3	
ここいーすか？	doya	新領地-24,-632	-24	-632		
ここいーすか？	doya	新領地-24,-633	-24	-633		
ここいーすか？	doya	新領地-26,-634	-26	-634		
ここいーすか？	doya	新領地-25,-634	-25	-634		
ここいーすか？	doya	新領地-24,-636	-24	-636		
ここいーすか？	doya	新領地-24,-630	-24	-630		
ここいーすか？	doya	新領地-23,-629	-23	-629		
ここいーすか？	doya	新領地-516,-581	-516	-581		
ここいーすか？	doya	新領地-26,-631	-26	-631		
ここいーすか？	ドンマイ君	ドンマイ城	-607	-210	267	1
ここいーすか？	ドンマイ君	新領地-610,-213	-610	-213		
ここいーすか？	ドンマイ君	新領地-611,-215	-611	-215		
ここいーすか？	ドンマイ君	新領地-613,-215	-613	-215		
ここいーすか？	ドンマイ君	新領地-604,-211	-604	-211		
ここいーすか？	ドンマイ君	新領地-611,-216	-611	-216		
ここいーすか？	ドンマイ君	新領地-605,-212	-605	-212		
ここいーすか？	ドンマイ君	新領地-606,-212	-606	-212		
ここいーすか？	ドンマイ君	新領地-612,-137	-612	-137		
ここいーすか？	ドンマイ君	新領地-606,-213	-606	-213		
ここいーすか？	ドンマイ君	新領地-609,-209	-609	-209		
ここいーすか？	ドンマイ君	新領地-607,-214	-607	-214		
ここいーすか？	ドンマイ君	新領地-604,-212	-604	-212		
ここいーすか？	ドンマイ君	新領地-609,-213	-609	-213		
ここいーすか？	ドンマイ君	新領地-608,-211	-608	-211		
ここいーすか？	ドンマイ君	新領地-609,-211	-609	-211		
ここいーすか？	ドンマイ君	新領地-481,-577	-481	-577		
ここいーすか？	ドンマイ君	新領地-481,-573	-481	-573		
ここいーすか？	ドンマイ君	新領地-608,-212	-608	-212		
ここいーすか？	ドンマイ君	新領地-612,-214	-612	-214		
ここいーすか？	ドンマイ君	新領地-606,-211	-606	-211		
ここいーすか？	ドンマイ君	新領地-606,-209	-606	-209		
ここいーすか？	ドンマイ君	新領地-612,-215	-612	-215		
ここいーすか？	万永	グリエル	-526	-227	298	1
ここいーすか？	万永	新規砦-512,-240	-512	-240	2	
ここいーすか？	万永	新領地-525,-230	-525	-230		
ここいーすか？	万永	新領地-525,-226	-525	-226		
ここいーすか？	万永	新領地-524,-225	-524	-225		
ここいーすか？	万永	新領地-522,-224	-522	-224		
ここいーすか？	万永	新領地-522,-226	-522	-226		
ここいーすか？	万永	新領地-521,-221	-521	-221		
ここいーすか？	万永	新領地-519,-223	-519	-223		
ここいーすか？	万永	新領地-522,-221	-522	-221		
ここいーすか？	万永	新領地-518,-224	-518	-224		
ここいーすか？	万永	新領地-523,-221	-523	-221		
ここいーすか？	万永	新領地-520,-222	-520	-222		
ここいーすか？	万永	新領地-524,-215	-524	-215		
ここいーすか？	万永	新領地-525,-216	-525	-216		
ここいーすか？	万永	新領地-525,-217	-525	-217		
ここいーすか？	万永	新領地-524,-214	-524	-214		
ここいーすか？	万永	新領地-524,-216	-524	-216		
ここいーすか？	万永	新領地-512,-239	-512	-239		
ここいーすか？	万永	新領地-513,-240	-513	-240		
ここいーすか？	万永	新領地-513,-241	-513	-241		
ここいーすか？	うんちうんち	下痢城-527,-377	-527	-377	256	1
ここいーすか？	うんちうんち	新規村-518,-577	-518	-577	18	
ここいーすか？	うんちうんち	新領地-528,-378	-528	-378		
ここいーすか？	うんちうんち	新領地-529,-377	-529	-377		
ここいーすか？	うんちうんち	新領地-529,-376	-529	-376		
ここいーすか？	うんちうんち	新領地-526,-376	-526	-376		
ここいーすか？	うんちうんち	新領地-527,-375	-527	-375		
ここいーすか？	うんちうんち	新領地-525,-377	-525	-377		
ここいーすか？	うんちうんち	新領地-525,-378	-525	-378		
ここいーすか？	うんちうんち	新領地-525,-379	-525	-379		
ここいーすか？	うんちうんち	新領地-524,-376	-524	-376		
ここいーすか？	うんちうんち	新領地-527,-379	-527	-379		
ここいーすか？	うんちうんち	新領地-529,-378	-529	-378		
ここいーすか？	うんちうんち	新領地-526,-379	-526	-379		
ここいーすか？	うんちうんち	新領地-483,-573	-483	-573		
ここいーすか？	うんちうんち	新領地-528,-376	-528	-376		
ここいーすか？	うんちうんち	新領地-528,-579	-528	-579		
ここいーすか？	うんちうんち	新領地-528,-578	-528	-578		
ここいーすか？	うんちうんち	新領地-527,-578	-527	-578		
ここいーすか？	うんちうんち	新領地-529,-580	-529	-580		
ここいーすか？	うんちうんち	新領地-527,-378	-527	-378		
ここいーすか？	闇鍋	灼熱おでんパーティー	-490	-416	231	1
ここいーすか？	闇鍋	新領地-489,-415	-489	-415		
ここいーすか？	闇鍋	新領地-488,-416	-488	-416		
ここいーすか？	闇鍋	新領地-491,-416	-491	-416		
ここいーすか？	闇鍋	新領地-441,-565	-441	-565		
ここいーすか？	闇鍋	新領地-439,-573	-439	-573		
ここいーすか？	闇鍋	新領地-442,-566	-442	-566		
ここいーすか？	闇鍋	新領地-440,-574	-440	-574		
ここいーすか？	闇鍋	新領地-441,-575	-441	-575		
ここいーすか？	闇鍋	新領地-442,-575	-442	-575		
ここいーすか？	闇鍋	新領地-443,-576	-443	-576		
ここいーすか？	闇鍋	新領地-444,-577	-444	-577		
ここいーすか？	闇鍋	新領地-445,-578	-445	-578		
ここいーすか？	闇鍋	新領地-446,-579	-446	-579		
ここいーすか？	闇鍋	新領地-447,-579	-447	-579		
ここいーすか？	闇鍋	新領地-448,-580	-448	-580		
ここいーすか？	闇鍋	新領地-448,-581	-448	-581		
ここいーすか？	闇鍋	新領地-449,-582	-449	-582		
ここいーすか？	闇鍋	新領地-450,-582	-450	-582		
ここいーすか？	闇鍋	新領地-451,-583	-451	-583		
ここいーすか？	闇鍋	新領地-440,-566	-440	-566		
ここいーすか？	山は高い	山高総本山	-276	-586	235	1
ここいーすか？	山は高い	新領地-279,-588	-279	-588		
ここいーすか？	山は高い	新領地-439,-567	-439	-567		
ここいーすか？	山は高い	新領地-504,-590	-504	-590		
ここいーすか？	山は高い	新領地-508,-578	-508	-578		
ここいーすか？	山は高い	新領地-579,-612	-579	-612		
ここいーすか？	山は高い	新領地-580,-613	-580	-613		
ここいーすか？	山は高い	新領地-569,-613	-569	-613		
ここいーすか？	山は高い	新領地-586,-610	-586	-610		
ここいーすか？	山は高い	新領地-587,-609	-587	-609		
ここいーすか？	山は高い	新領地-587,-611	-587	-611		
ここいーすか？	山は高い	新領地-588,-611	-588	-611		
ここいーすか？	山は高い	新領地-585,-611	-585	-611		
ここいーすか？	はごろも	百花繚乱	-638	-79	227	1
ここいーすか？	はごろも	新規村-488,-579	-488	-579	2	
ここいーすか？	はごろも	新領地-634,-69	-634	-69		
ここいーすか？	はごろも	新領地-633,-67	-633	-67		
ここいーすか？	はごろも	新領地-633,-68	-633	-68		
ここいーすか？	はごろも	新領地-633,-69	-633	-69		
ここいーすか？	はごろも	新領地-634,-65	-634	-65		
ここいーすか？	はごろも	新領地-633,-74	-633	-74		
ここいーすか？	はごろも	新領地-571,-619	-571	-619		
ここいーすか？	はごろも	新領地-510,-552	-510	-552		
ここいーすか？	はごろも	新領地-491,-577	-491	-577		
ここいーすか？	はごろも	新領地-494,-579	-494	-579		
ここいーすか？	はごろも	新領地-492,-581	-492	-581		
ここいーすか？	はごろも	新領地-495,-580	-495	-580		
ここいーすか？	はごろも	新領地-492,-582	-492	-582		
ここいーすか？	はごろも	新領地-491,-583	-491	-583		
ここいーすか？	はごろも	新領地-482,-577	-482	-577		
ここいーすか？	はごろも	新領地-489,-579	-489	-579		
ここいーすか？	あくてい	パレオ君	-201	-605	202	1
ここいーすか？	あくてい	新規村-591,-623	-591	-623	29	
ここいーすか？	あくてい	新領地-202,-604	-202	-604		
ここいーすか？	あくてい	新領地-203,-603	-203	-603		
ここいーすか？	あくてい	新領地-203,-602	-203	-602		
ここいーすか？	あくてい	新領地-204,-601	-204	-601		
ここいーすか？	あくてい	新領地-202,-599	-202	-599		
ここいーすか？	あくてい	新領地-201,-598	-201	-598		
ここいーすか？	あくてい	新領地-200,-597	-200	-597		
ここいーすか？	あくてい	新領地-201,-596	-201	-596		
ここいーすか？	あくてい	新領地-199,-598	-199	-598		
ここいーすか？	あくてい	新領地-593,-626	-593	-626		
ここいーすか？	あくてい	新領地-592,-625	-592	-625		
ここいーすか？	あくてい	新領地-592,-624	-592	-624		
ここいーすか？	あくてい	新領地-592,-627	-592	-627		
ここいーすか？	あくてい	新領地-202,-605	-202	-605		
ここいーすか？	St.Haring	亳	-641	-51	211	1
ここいーすか？	St.Haring	新領地-639,-52	-639	-52		
ここいーすか？	St.Haring	新領地-641,-50	-641	-50		
ここいーすか？	St.Haring	新領地-635,-51	-635	-51		
ここいーすか？	St.Haring	新領地-634,-51	-634	-51		
ここいーすか？	St.Haring	新領地-635,-52	-635	-52		
ここいーすか？	St.Haring	新領地-618,-91	-618	-91		
ここいーすか？	St.Haring	新領地-617,-91	-617	-91		
ここいーすか？	St.Haring	新領地-511,-554	-511	-554		
ここいーすか？	St.Haring	新領地-640,-53	-640	-53		
ここいーすか？	オズマ・リー	スカルリーダー	-489	-455	251	1
ここいーすか？	オズマ・リー	新領地-489,-454	-489	-454		
ここいーすか？	オズマ・リー	新領地-491,-456	-491	-456		
ここいーすか？	オズマ・リー	新領地-492,-457	-492	-457		
ここいーすか？	オズマ・リー	新領地-493,-458	-493	-458		
ここいーすか？	オズマ・リー	新領地-496,-461	-496	-461		
ここいーすか？	オズマ・リー	新領地-497,-462	-497	-462		
ここいーすか？	オズマ・リー	新領地-499,-464	-499	-464		
ここいーすか？	オズマ・リー	新領地-499,-465	-499	-465		
ここいーすか？	オズマ・リー	新領地-512,-472	-512	-472		
ここいーすか？	オズマ・リー	新領地-506,-470	-506	-470		
ここいーすか？	オズマ・リー	新領地-515,-475	-515	-475		
ここいーすか？	オズマ・リー	新領地-534,-474	-534	-474		
ここいーすか？	オズマ・リー	新領地-535,-475	-535	-475		
ここいーすか？	オズマ・リー	新領地-536,-474	-536	-474		
ここいーすか？	オズマ・リー	新領地-537,-475	-537	-475		
ここいーすか？	オズマ・リー	新領地-525,-473	-525	-473		
ここいーすか？	黒天	流刃若火-561-304	-561	-304	206	1
ここいーすか？	黒天	新規砦-633,-650	-633	-650	2	
ここいーすか？	黒天	新領地-552,-287	-552	-287		
ここいーすか？	黒天	新領地-550,-287	-550	-287		
ここいーすか？	黒天	新領地-560,-304	-560	-304		
ここいーすか？	黒天	新領地-558,-304	-558	-304		
ここいーすか？	黒天	新領地-552,-304	-552	-304		
ここいーすか？	黒天	新領地-554,-293	-554	-293		
ここいーすか？	黒天	新領地-561,-605	-561	-605		
ここいーすか？	黒天	新領地-555,-292	-555	-292		
ここいーすか？	黒天	新領地-551,-294	-551	-294		
ここいーすか？	黒天	新領地-553,-305	-553	-305		
ここいーすか？	黒天	新領地-550,-307	-550	-307		
ここいーすか？	黒天	新領地-551,-309	-551	-309		
ここいーすか？	黒天	新領地-551,-306	-551	-306		
ここいーすか？	みーちゃん	海辺のお城	-315	-560	198	1
ここいーすか？	みーちゃん	新規村-539,-551	-539	-551	3	
ここいーすか？	みーちゃん	新領地-313,-558	-313	-558		
ここいーすか？	みーちゃん	新領地-310,-555	-310	-555		
ここいーすか？	みーちゃん	新領地-415,-551	-415	-551		
ここいーすか？	みーちゃん	新領地-416,-552	-416	-552		
ここいーすか？	みーちゃん	新領地-505,-577	-505	-577		
ここいーすか？	みーちゃん	新領地-535,-563	-535	-563		
ここいーすか？	みーちゃん	新領地-535,-559	-535	-559		
ここいーすか？	みーちゃん	新領地-535,-558	-535	-558		
ここいーすか？	みーちゃん	新領地-540,-554	-540	-554		
ここいーすか？	みーちゃん	新領地-540,-555	-540	-555		
ここいーすか？	みーちゃん	新領地-541,-556	-541	-556		
ここいーすか？	むらっち。	隠居所	-253	-535	205	1
ここいーすか？	むらっち。	新規村-500,-579	-500	-579	2	
ここいーすか？	むらっち。	新領地-252,-536	-252	-536		
ここいーすか？	むらっち。	新領地-255,-535	-255	-535		
ここいーすか？	むらっち。	新領地-259,-531	-259	-531		
ここいーすか？	むらっち。	新領地-261,-531	-261	-531		
ここいーすか？	むらっち。	新領地-255,-533	-255	-533		
ここいーすか？	むらっち。	新領地-258,-531	-258	-531		
ここいーすか？	むらっち。	新領地-257,-529	-257	-529		
ここいーすか？	むらっち。	新領地-507,-592	-507	-592		
ここいーすか？	むらっち。	新領地-503,-571	-503	-571		
ここいーすか？	むらっち。	新領地-253,-537	-253	-537		
ここいーすか？	むらっち。	新領地-253,-538	-253	-538		
ここいーすか？	むらっち。	新領地-500,-580	-500	-580		
ここいーすか？	むらっち。	新領地-499,-581	-499	-581		
ここいーすか？	むらっち。	新領地-498,-582	-498	-582		
ここいーすか？	将之	ｼﾞｮｼﾞｮﾘｵﾝ	-601	-227	189	1
ここいーすか？	将之	新規村-594,-225	-594	-225	5	
ここいーすか？	将之	新領地-593,-225	-593	-225		
ここいーすか？	将之	新領地-602,-229	-602	-229		
ここいーすか？	将之	新領地-602,-226	-602	-226		
ここいーすか？	将之	新領地-603,-227	-603	-227		
ここいーすか？	将之	新領地-595,-225	-595	-225		
ここいーすか？	将之	新領地-600,-227	-600	-227		
ここいーすか？	将之	新領地-596,-226	-596	-226		
ここいーすか？	閻魔あい	地獄	-569	-288	194	1
ここいーすか？	閻魔あい	新領地-568,-289	-568	-289		
ここいーすか？	閻魔あい	新領地-561,-287	-561	-287		
ここいーすか？	閻魔あい	新領地-561,-288	-561	-288		
ここいーすか？	閻魔あい	新領地-562,-286	-562	-286		
ここいーすか？	閻魔あい	新領地-562,-287	-562	-287		
ここいーすか？	閻魔あい	新領地-570,-289	-570	-289		
ここいーすか？	閻魔あい	新領地-562,-289	-562	-289		
ここいーすか？	閻魔あい	新領地-568,-288	-568	-288		
ここいーすか？	閻魔あい	新領地-563,-290	-563	-290		
ここいーすか？	閻魔あい	新領地-567,-287	-567	-287		
ここいーすか？	閻魔あい	新領地-570,-288	-570	-288		
ここいーすか？	閻魔あい	新領地-568,-287	-568	-287		
ここいーすか？	ライどん	さる・るるる	-417	-489	188	1
ここいーすか？	ライどん	新規村-505,-594	-505	-594	2	
ここいーすか？	ライどん	新領地-420,-557	-420	-557		
ここいーすか？	ライどん	新領地-421,-557	-421	-557		
ここいーすか？	ライどん	新領地-470,-573	-470	-573		
ここいーすか？	ライどん	新領地-495,-572	-495	-572		
ここいーすか？	ライどん	新領地-495,-570	-495	-570		
ここいーすか？	ライどん	新領地-496,-569	-496	-569		
ここいーすか？	ライどん	新領地-497,-568	-497	-568		
ここいーすか？	ライどん	新領地-498,-567	-498	-567		
ここいーすか？	ライどん	新領地-506,-593	-506	-593		
ここいーすか？	ライどん	新領地-417,-490	-417	-490		
ここいーすか？	ライどん	新領地-506,-583	-506	-583		
ここいーすか？	ライどん	新領地-418,-490	-418	-490		
ここいーすか？	ライどん	新領地-418,-489	-418	-489		
ここいーすか？	MEI	鬼菱	-503	-322	186	1
ここいーすか？	MEI	新規村-547,-595	-547	-595	2	
ここいーすか？	MEI	新領地-507,-328	-507	-328		
ここいーすか？	MEI	新領地-508,-328	-508	-328		
ここいーすか？	MEI	新領地-507,-330	-507	-330		
ここいーすか？	MEI	新領地-506,-328	-506	-328		
ここいーすか？	MEI	新領地-508,-329	-508	-329		
ここいーすか？	MEI	新領地-508,-330	-508	-330		
ここいーすか？	MEI	新領地-485,-351	-485	-351		
ここいーすか？	はちべえ	西山荘	-530	-362	173	1
ここいーすか？	はちべえ	かりーむら	-529	-359	3	
ここいーすか？	はちべえ	新領地-529,-358	-529	-358		
ここいーすか？	はちべえ	新領地-528,-356	-528	-356		
ここいーすか？	はちべえ	新領地-632,-69	-632	-69		
ここいーすか？	はちべえ	新領地-532,-361	-532	-361		
ここいーすか？	はちべえ	新領地-532,-364	-532	-364		
ここいーすか？	はちべえ	新領地-530,-364	-530	-364		
ここいーすか？	はちべえ	新領地-532,-360	-532	-360		
ここいーすか？	はちべえ	新領地-530,-357	-530	-357		
ここいーすか？	はちべえ	新領地-529,-360	-529	-360		
ここいーすか？	はちべえ	新領地-437,-575	-437	-575		
ここいーすか？	はちべえ	新領地-511,-551	-511	-551		
ここいーすか？	はちべえ	新領地-531,-357	-531	-357		
ここいーすか？	はちべえ	新領地-528,-359	-528	-359		
ここいーすか？	はちべえ	新領地-533,-360	-533	-360		
ここいーすか？	めそカツ	新城-641,-98	-641	-98	272	1
ここいーすか？	めそカツ	-484,-577	-484	-577	2	
ここいーすか？	めそカツ	新領地-640,-97	-640	-97		
ここいーすか？	めそカツ	新領地-641,-96	-641	-96		
ここいーすか？	めそカツ	新領地-641,-95	-641	-95		
ここいーすか？	めそカツ	新領地-642,-97	-642	-97		
ここいーすか？	めそカツ	新領地-639,-96	-639	-96		
ここいーすか？	めそカツ	新領地-638,-95	-638	-95		
ここいーすか？	めそカツ	新領地-485,-575	-485	-575		
ここいーすか？	めそカツ	新領地-486,-575	-486	-575		
ここいーすか？	めそカツ	新領地-486,-576	-486	-576		
ここいーすか？	めそカツ	新領地-486,-577	-486	-577		
ここいーすか？	めそカツ	新領地-485,-577	-485	-577		
ここいーすか？	めそカツ	新領地-484,-576	-484	-576		
ここいーすか？	めそカツ	新領地-484,-575	-484	-575		
ここいーすか？	めそカツ	新領地-484,-580	-484	-580		
ここいーすか？	めそカツ	新領地-485,-580	-485	-580		
ここいーすか？	めそカツ	新領地-486,-580	-486	-580		
ここいーすか？	めそカツ	新領地-487,-581	-487	-581		
ここいーすか？	D-changoo	cort-566,-51	-566	-51	163	1
ここいーすか？	D-changoo	新規村-570,-622	-570	-622	2	
ここいーすか？	D-changoo	新領地-565,-52	-565	-52		
ここいーすか？	D-changoo	新領地-567,-50	-567	-50		
ここいーすか？	D-changoo	新領地-568,-49	-568	-49		
ここいーすか？	D-changoo	新領地-567,-48	-567	-48		
ここいーすか？	D-changoo	新領地-566,-47	-566	-47		
ここいーすか？	D-changoo	新領地-566,-48	-566	-48		
ここいーすか？	菊太郎	菊城	-166	-615	164	1
ここいーすか？	菊太郎	新領地-167,-615	-167	-615		
ここいーすか？	菊太郎	新領地-170,-614	-170	-614		
ここいーすか？	菊太郎	新領地-173,-615	-173	-615		
ここいーすか？	菊太郎	新領地-174,-616	-174	-616		
ここいーすか？	菊太郎	新領地-165,-614	-165	-614		
ここいーすか？	菊太郎	新領地-170,-613	-170	-613		
ここいーすか？	菊太郎	新領地-164,-613	-164	-613		
ここいーすか？	菊太郎	新領地-162,-614	-162	-614		
ここいーすか？	菊太郎	新領地-166,-616	-166	-616		
ここいーすか？	菊太郎	新領地-167,-611	-167	-611		
ここいーすか？	菊太郎	新領地-169,-616	-169	-616		
ここいーすか？	菊太郎	新領地-174,-614	-174	-614		
ここいーすか？	菊太郎	新領地-166,-612	-166	-612		
ここいーすか？	ぱたりろ！	やってもた	-59	-669	158	1
ここいーすか？	ぱたりろ！	新規村-59,-666	-59	-666	43	
ここいーすか？	ぱたりろ！	新領地-58,-670	-58	-670		
ここいーすか？	ぱたりろ！	新領地-58,-668	-58	-668		
ここいーすか？	ぱたりろ！	新領地-58,-667	-58	-667		
ここいーすか？	ぱたりろ！	新領地-58,-666	-58	-666		
ここいーすか？	ぱたりろ！	新領地-59,-670	-59	-670		
ここいーすか？	ぱたりろ！	新領地-60,-666	-60	-666		
ここいーすか？	ぱたりろ！	新領地-58,-671	-58	-671		
ここいーすか？	トララ	-本館-	-570	-296	141	1
ここいーすか？	トララ	新規村-568,-297	-568	-297	2	
ここいーすか？	トララ	新領地-569,-296	-569	-296		
ここいーすか？	トララ	新領地-572,-294	-572	-294		
ここいーすか？	トララ	新領地-570,-294	-570	-294		
ここいーすか？	トララ	新領地-569,-297	-569	-297		
ここいーすか？	トララ	新領地-571,-297	-571	-297		
ここいーすか？	トララ	新領地-570,-293	-570	-293		
ここいーすか？	トララ	新領地-571,-296	-571	-296		
ここいーすか？	トララ	新領地-571,-295	-571	-295		
ここいーすか？	トララ	新領地-570,-295	-570	-295		
ここいーすか？	トララ	新領地-569,-295	-569	-295		
ここいーすか？	トララ	新領地-570,-297	-570	-297		
ここいーすか？	トララ	新領地-570,-292	-570	-292		
ここいーすか？	トララ	新領地-569,-291	-569	-291		
ここいーすか？	大銀	新規城-330,-498	-330	-498	158	1
ここいーすか？	大銀	新領地-331,-497	-331	-497		
ここいーすか？	大銀	新領地-332,-497	-332	-497		
ここいーすか？	大銀	新領地-334,-497	-334	-497		
ここいーすか？	大銀	新領地-332,-499	-332	-499		
ここいーすか？	大銀	新領地-332,-501	-332	-501		
ここいーすか？	大銀	新領地-330,-503	-330	-503		
ここいーすか？	大銀	新領地-329,-503	-329	-503		
ここいーすか？	大銀	新領地-329,-498	-329	-498		
ここいーすか？	大銀	新領地-329,-499	-329	-499		
ここいーすか？	大銀	新領地-332,-494	-332	-494		
ここいーすか？	大銀	新領地-328,-504	-328	-504		
ここいーすか？	大銀	新領地-327,-504	-327	-504		
ここいーすか？	大銀	新領地-326,-505	-326	-505		
ここいーすか？	大銀	新領地-331,-493	-331	-493		
ここいーすか？	たまっこ	仮名-484,-430	-484	-430	160	1
ここいーすか？	たまっこ	新規村-523,-561	-523	-561	2	
ここいーすか？	たまっこ	新領地-464,-418	-464	-418		
ここいーすか？	たまっこ	新領地-477,-428	-477	-428		
ここいーすか？	たまっこ	新領地-443,-425	-443	-425		
ここいーすか？	たまっこ	新領地-443,-427	-443	-427		
ここいーすか？	たまっこ	新領地-438,-565	-438	-565		
ここいーすか？	たまっこ	新領地-437,-574	-437	-574		
ここいーすか？	たまっこ	新領地-438,-574	-438	-574		
ここいーすか？	たまっこ	新領地-440,-569	-440	-569		
ここいーすか？	たまっこ	新領地-531,-579	-531	-579		
ここいーすか？	たまっこ	新領地-529,-572	-529	-572		
ここいーすか？	たまっこ	新領地-528,-568	-528	-568		
ここいーすか？	たまっこ	新領地-527,-567	-527	-567		
ここいーすか？	たまっこ	新領地-526,-566	-526	-566		
ここいーすか？	たまっこ	新領地-526,-565	-526	-565		
ここいーすか？	たまっこ	新領地-525,-564	-525	-564		
ここいーすか？	たまっこ	新領地-524,-563	-524	-563		
ここいーすか？	たまっこ	新領地-529,-581	-529	-581		
ここいーすか？	たまっこ	新領地-531,-578	-531	-578		
ここいーすか？	たまっこ	新領地-522,-560	-522	-560		
ここいーすか？	たまっこ	新領地-521,-560	-521	-560		
ここいーすか？	たまっこ	新領地-522,-561	-522	-561		
ここいーすか？	たまっこ	新領地-523,-563	-523	-563		
ここいーすか？	ぺんすけ	(・Θ・)ｖ	-175	-623	113	1
ここいーすか？	ぺんすけ	新規村-570,-619	-570	-619	3	
ここいーすか？	ぺんすけ	新領地-174,-623	-174	-623		
ここいーすか？	ぺんすけ	新領地-175,-622	-175	-622		
ここいーすか？	めいごん	TBLET	-415	-503	96	1
ここいーすか？	めいごん	新規村-517,-531	-517	-531	2	
ここいーすか？	めいごん	新領地-423,-559	-423	-559		
ここいーすか？	めいごん	新領地-424,-560	-424	-560		
ここいーすか？	めいごん	新領地-414,-503	-414	-503		
ここいーすか？	めいごん	新領地-521,-543	-521	-543		
ここいーすか？	めいごん	新領地-516,-532	-516	-532		
ここいーすか？	めいごん	新領地-507,-552	-507	-552		
ここいーすか？	めいごん	新領地-516,-530	-516	-530		
ここいーすか？	めいごん	新領地-515,-529	-515	-529		
ここいーすか？	めいごん	新領地-516,-528	-516	-528		
ここいーすか？	めいごん	新領地-516,-527	-516	-527		
ここいーすか？	めいごん	新領地-515,-526	-515	-526		
ここいーすか？	@やっちゃん＠	城-34,-631	-34	-631	89	1
ここいーすか？	@やっちゃん＠	新規村-511,-599	-511	-599	2	
ここいーすか？	@やっちゃん＠	新領地-35,-631	-35	-631		
ここいーすか？	@やっちゃん＠	新領地-33,-630	-33	-630		
ここいーすか？	@やっちゃん＠	新領地-36,-631	-36	-631		
ここいーすか？	@やっちゃん＠	新領地-37,-632	-37	-632		
ここいーすか？	@やっちゃん＠	新領地-34,-632	-34	-632		
ここいーすか？	@やっちゃん＠	新領地-35,-633	-35	-633		
ここいーすか？	IKE	埼玉	-477	-385	132	1
ここいーすか？	IKE	新規村-437,-567	-437	-567	2	
ここいーすか？	IKE	新領地-477,-386	-477	-386		
ここいーすか？	IKE	新領地-478,-387	-478	-387		
ここいーすか？	IKE	新領地-477,-387	-477	-387		
ここいーすか？	IKE	新領地-479,-387	-479	-387		
ここいーすか？	IKE	新領地-479,-386	-479	-386		
ここいーすか？	IKE	新領地-479,-385	-479	-385		
ここいーすか？	IKE	新領地-478,-385	-478	-385		
ここいーすか？	IKE	新領地-480,-387	-480	-387		
ここいーすか？	IKE	新領地-478,-384	-478	-384		
ここいーすか？	IKE	新領地-479,-383	-479	-383		
ここいーすか？	裏拳	新規城-384,-508	-384	-508	59	1
ここいーすか？	裏拳	新領地-385,-509	-385	-509		
ここいーすか？	裏拳	新領地-384,-510	-384	-510		
ここいーすか？	きんちゃん♪	☆きんぐだむ☆	-567	-34	92	1
ここいーすか？	きんちゃん♪	新領地-567,-35	-567	-35		
ここいーすか？	きんちゃん♪	新領地-566,-33	-566	-33		
ここいーすか？	きんちゃん♪	新領地-565,-32	-565	-32		
ここいーすか？	きんちゃん♪	新領地-566,-36	-566	-36		
ここいーすか？	きんちゃん♪	新領地-563,-32	-563	-32		
ここいーすか？	きんちゃん♪	新領地-562,-32	-562	-32		
ここいーすか？	きんちゃん♪	新領地-569,-32	-569	-32		
ここいーすか？	きんちゃん♪	新領地-561,-33	-561	-33		
ここいーすか？	きんちゃん♪	新領地-534,-571	-534	-571		
ここいーすか？	きんちゃん♪	新領地-568,-34	-568	-34		
ここいーすか？	きんちゃん♪	新領地-565,-34	-565	-34		
ここいーすか？	きんちゃん♪	新領地-560,-32	-560	-32		
ここいーすか？	きんちゃん♪	新領地-570,-33	-570	-33		
ここいーすか？	ビッグ・ファイア	ヒロイン城	-521	-238	100	1
ここいーすか？	ビッグ・ファイア	新領地-516,-239	-516	-239		
ここいーすか？	ビッグ・ファイア	新領地-505,-240	-505	-240		
ここいーすか？	ビッグ・ファイア	新領地-503,-241	-503	-241		
ここいーすか？	ビッグ・ファイア	新領地-503,-243	-503	-243		
ここいーすか？	ビッグ・ファイア	新領地-503,-242	-503	-242		
ここいーすか？	ビッグ・ファイア	新領地-503,-240	-503	-240		
ここいーすか？	たくちゃん	新規城-401,-502	-401	-502	52	1
ここいーすか？	たくちゃん	新領地-400,-501	-400	-501		
ここいーすか？	たくちゃん	新領地-390,-481	-390	-481		
ここいーすか？	たくちゃん	新領地-400,-502	-400	-502		
ここいーすか？	たくちゃん	新領地-400,-503	-400	-503		
ここいーすか？	たくちゃん	新領地-400,-504	-400	-504		
ここいーすか？	たくちゃん	新領地-402,-503	-402	-503		
ここいーすか？	たくちゃん	新領地-402,-504	-402	-504		
ここいーすか？	たくちゃん	新領地-402,-502	-402	-502		
ここいーすか？	たくちゃん	新領地-401,-505	-401	-505		
ここいーすか？	たくちゃん	新領地-400,-505	-400	-505		
ここいーすか？	たくちゃん	新領地-399,-504	-399	-504		
ここいーすか？	貴族仲間	新規城-15,-567	-15	-567	22	1
ここいーすか？	貴族仲間	新領地-14,-568	-14	-568		
ここいーすか？	貴族仲間	新領地-16,-565	-16	-565		
ここいーすか？	貴族仲間	新領地-17,-564	-17	-564		
ここいーすか？	貴族仲間	新領地-16,-563	-16	-563		
ここいーすか？	貴族仲間	新領地-16,-562	-16	-562		
ここいーすか？	貴族野郎	新規城-439,-496	-439	-496	34	1
ここいーすか？	貴族野郎	新領地-438,-496	-438	-496		
ここいーすか？	貴族野郎	新領地-439,-495	-439	-495		
ここいーすか？	１０００ぴきのたぬき	狸隠居城	-429	-365	21	1
ここいーすか？	１０００ぴきのたぬき	新領地-430,-365	-430	-365		
ここいーすか？	１０００ぴきのたぬき	新領地-431,-364	-431	-364		
